,f,abs,phase,Zreal,-Zimag
0,0.01,5.1273503626079995,-0.3087329731888814,4.884925765407241,1.5579544304622224
1,0.015849,4.764757201809813,-0.2377632588705113,4.630711354011695,1.122240414539435
2,0.025056,4.5435889993017105,-0.1782852693074743,4.471569632110407,0.8057704510364664
3,0.039418999999999996,4.404140405518749,-0.13327944363284078,4.365081998379009,0.5852451272333432
4,0.061583,4.3078211518932985,-0.10120774932573887,4.285777453294848,0.4352409649020089
5,0.09536599999999999,4.236642303638074,-0.07782996463204586,4.2238170421201,0.32940492356904966
6,0.14618,4.182359885709636,-0.06052342313245394,4.174702054391628,0.25297622546682785
7,0.22156,4.140406263478963,-0.0474666064120417,4.135742808540818,0.19645724282584073
8,0.33181000000000005,4.107940476071753,-0.03897356831716012,4.104821015402008,0.16006057123053108
9,0.49081,4.0843753286288615,-0.03149672898006811,4.082349556218975,0.1286231936738455
10,0.71699,4.067380801488769,-0.027317225826216453,4.065863293390615,0.11109574149462517
11,1.0345,4.055218205266705,-0.024388464341558898,4.054012248840816,0.09889074059357737
12,1.4744000000000002,4.042153379813466,-0.023625630863702743,4.041025327032844,0.0954895398277884
13,2.0767,4.02882908750222,-0.024727887950102896,4.027597399342113,0.09961428169000011
14,2.8918,4.016752727807723,-0.026345368393145406,4.015358837707846,0.10581058922566189
15,3.9828,4.004765672743002,-0.029507061844828174,4.003022391179569,0.11815172150972962
16,5.428100000000001,3.99043545622638,-0.03427142548836289,3.9880922413026703,0.1367311419175744
17,7.324400000000001,3.973827964416512,-0.04086942975907947,3.9705096634702657,0.16236287466017127
18,9.7898,3.953641077320861,-0.04820546289138324,3.949048297157462,0.19051329349052887
19,12.968,3.9265114818984683,-0.05745141152823728,3.9200332151798687,0.225459551509989
20,17.031,3.889970020576329,-0.06879376349668276,3.880768849362102,0.2673946499153437
21,22.188,3.845852118338215,-0.08019466777008519,3.8334920518992237,0.3080863582699117
22,28.685000000000002,3.7926039460218246,-0.09162469978672436,3.7766954627105336,0.34701019195692384
23,36.817,3.728721789005898,-0.1034018912554269,3.708805887937956,0.3848701929275563
24,46.93,3.6594779775971613,-0.113198504263046,3.6360569083042957,0.41336331246400493
25,59.433,3.5878395416119915,-0.12131814735266169,3.5614688315072014,0.4342031074938006
26,74.803,3.5087863275857165,-0.1334101206086482,3.4776074667273824,0.4667202588429331
27,93.821,3.4318476425733575,-0.1395435599950073,3.3984886631172584,0.4773395526245267
28,117.67,3.3550689010550037,-0.14441248324478673,3.320144736799709,0.4828315001401848
29,147.59,3.2817015099383164,-0.1470742417838018,3.2462724743670344,0.48091560849941045
30,185.11,3.206919616022878,-0.1499006331352442,3.1709569701212703,0.47892099272391164
31,232.18,3.1337692122846934,-0.15199305790265866,3.097640850218261,0.4744793345579116
32,291.21,3.0661098173561547,-0.14993159534557376,3.0317120446680104,0.4579863429216026
33,365.24,2.997266017918348,-0.15076122435404943,2.9632681359498525,0.4501616783250162
34,458.1,2.929207836835604,-0.15102542807990277,2.895865601545142,0.4407050818480681
35,574.57,2.867277174972897,-0.14440722940776246,2.8374327846980933,0.4126179715438732
36,720.65,2.8049109627348585,-0.14278368704434477,2.776367391642965,0.39913608643147014
37,903.86,2.744621949201168,-0.14054945126144444,2.717557711383895,0.3844863187874758
38,1133.7,2.6855234755822264,-0.13884643431573748,2.659678828764995,0.37167844398418737
39,1421.9,2.630520923880638,-0.13564777723694835,2.6063567976127677,0.35573104237831604
40,1783.4,2.5783619273085523,-0.13209223577571133,2.5559005234234475,0.33959202369611097
41,2236.8,2.5277133847659474,-0.129028483000926,2.506701432403131,0.3252428082418018
42,2805.5,2.4810242316889277,-0.12500255332905638,2.461665665214783,0.30932732005158486
43,3518.7000000000003,2.437013677140561,-0.12091121355891962,2.4192213822284496,0.2939448355369193
44,4413.3,2.3931941868175675,-0.12109748986451788,2.3756680002194672,0.2891020037125908
45,5535.3,2.3534505476324474,-0.11794229514940476,2.3371008118344085,0.27692828579690965
46,6942.6,2.3159790320031557,-0.11507115106833495,2.300662576687291,0.26591461958468965
47,8707.7,2.282590582699128,-0.11002801474319439,2.268787808018052,0.2506424752817982
48,10922.0,2.249647468306397,-0.10769413268247938,2.2366143370092875,0.24180578806531405
49,13698.0,2.2187313910205675,-0.10587170861992286,2.2063083225827285,0.2344623023051869
50,17181.0,2.1917620112680676,-0.10225781764049337,2.1803127367852317,0.2237344047077653
51,21549.0,2.1646623787552626,-0.10168157009257674,2.1534816414767017,0.21972718043337783
52,27027.0,2.1388218527279563,-0.10200674937150844,2.127703874540172,0.21779609724094587
53,33899.0,2.116119042049674,-0.10091298136716621,2.105353507676423,0.21318163110317567
54,42517.0,2.0921325944801876,-0.10394305524424449,2.080840900091591,0.21707128182332053
55,53327.0,2.067271434735739,-0.10905354831682218,2.0549909175583476,0.22499669692477797
56,66885.0,2.0435151909210925,-0.11289803715670164,2.0305057295290045,0.23021906496889868
57,83889.0,2.019641709649309,-0.12193243677422119,2.0046467707117106,0.24565007638976114
58,105220.0,1.9926576535266864,-0.1246857453201196,1.977188249355333,0.24781273326783299
59,131970.0,1.9618310634507357,-0.13406426993837717,1.9442272346664018,0.26222429616967324
60,165520.0,1.9218156620512838,-0.15078888812268898,1.9000085896972554,0.2886915273821885
61,207600.0,1.886253663388763,-0.17306185995327864,1.858077061075784,0.32481151111299333
62,260380.0,1.8098254799775428,-0.1767465097237041,1.7816301285606688,0.31821746177863663
63,326580.0,1.7467873590108738,-0.2036315302891221,1.7106963620921458,0.3532478369712711
64,409610.0,1.6948643757369375,-0.22492429080280632,1.6521724293136624,0.3780099416125848
65,513750.0,1.603015825896535,-0.25897475000080206,1.5495601245084498,0.4105157227294807
66,644360.0,1.5552852834950561,-0.25266318599939863,1.5059051370216852,0.3887956164207578
67,808180.0,1.4675512950110792,-0.2750145528858018,1.4124025455242237,0.3985296135613873
68,1013700.0,1.346272681786754,-0.1923885043359198,1.321434414079061,0.2574125541088215
69,1271400.0,1.2958329165258302,-0.37312429423704,1.2066705463695648,0.47236547299312154
70,1594600.0,0.8800632370368462,0.19466457928974149,0.863441137403501,-0.1702371975307412
71,2000000.0,0.9124047123737374,0.32464277722165136,0.8647450061656514,-0.29102995288005995
