source_line,measure_id,battery_id,soc_pct,frequency_id,frequency_hz,real_ohm,imag_ohm,real_mohm,minus_imag_mohm,magnitude_mohm,phase_deg,raw_impedance
3130,02_4,02,20,13,1000.0,0.0806114605178115,-0.00360733199840731,80.6114605178115,3.60733199840731,80.69213351350561,-2.5622547823666784,(0.0806114605178115-0.00360733199840731j)
2890,02_4,02,20,12,400.0,0.0832728915914098,-0.00506959260927884,83.2728915914098,5.069592609278841,83.42706541176396,-3.483825293548344,(0.0832728915914098-0.00506959260927884j)
2650,02_4,02,20,11,200.0,0.0860165457458269,-0.00587202098153549,86.0165457458269,5.87202098153549,86.21674299375688,-3.905304915960599,(0.0860165457458269-0.00587202098153549j)
2410,02_4,02,20,10,100.0,0.0887996165740257,-0.00649604904244306,88.7996165740257,6.49604904244306,89.03690558895119,-4.183963787017105,(0.0887996165740257-0.00649604904244306j)
2170,02_4,02,20,9,40.0,0.0932995298346081,-0.00688437041089196,93.2995298346081,6.88437041089196,93.55317644694536,-4.220083721261815,(0.0932995298346081-0.00688437041089196j)
1930,02_4,02,20,8,20.0,0.0966538187081467,-0.00660961153585631,96.6538187081467,6.609611535856311,96.8795522054175,-3.9120458577581374,(0.0966538187081467-0.00660961153585631j)
1690,02_4,02,20,7,10.0,0.099835490817931,-0.00582535570058381,99.835490817931,5.82535570058381,100.00529983903607,-3.3393963882555684,(0.099835490817931-0.00582535570058381j)
1450,02_4,02,20,6,4.0,0.102727057640482,-0.00400874608034914,102.727057640482,4.00874608034914,102.80524508315528,-2.2347349792228473,(0.102727057640482-0.00400874608034914j)
1210,02_4,02,20,5,2.0,0.103965276257809,-0.00288811022666475,103.96527625780901,2.8881102266647503,104.0053837454769,-1.59124263499558,(0.103965276257809-0.00288811022666475j)
970,02_4,02,20,4,1.0,0.104750952673306,-0.00225683603891093,104.750952673306,2.25683603891093,104.77526136866337,-1.234233915717772,(0.104750952673306-0.00225683603891093j)
730,02_4,02,20,3,0.4,0.105806006321248,-0.00202677055090474,105.80600632124799,2.02677055090474,105.82541647694086,-1.097397041061332,(0.105806006321248-0.00202677055090474j)
490,02_4,02,20,2,0.2,0.106296067447911,-0.00238087581975463,106.296067447911,2.38087581975463,106.32272816552411,-1.2831267743788568,(0.106296067447911-0.00238087581975463j)
250,02_4,02,20,1,0.1,0.107390012821021,-0.00369123413278272,107.39001282102099,3.69123413278272,107.45343206767328,-1.9686086378311094,(0.107390012821021-0.00369123413278272j)
10,02_4,02,20,0,0.05,0.108913511134844,-0.00457659827128665,108.913511134844,4.57659827128665,109.00962415978019,-2.4061807428662223,(0.108913511134844-0.00457659827128665j)
3127,02_4,02,50,13,1000.0,0.0791873126476042,-0.0035032520463323,79.1873126476042,3.5032520463323,79.26476682139139,-2.533117415350849,(0.0791873126476042-0.0035032520463323j)
2887,02_4,02,50,12,400.0,0.0818522888967739,-0.00482989548432096,81.8522888967739,4.82989548432096,81.99466499736675,-3.3769625324080703,(0.0818522888967739-0.00482989548432096j)
2647,02_4,02,50,11,200.0,0.0842129413634608,-0.00577744381162706,84.2129413634608,5.77744381162706,84.41088999697962,-3.9246375222180574,(0.0842129413634608-0.00577744381162706j)
2407,02_4,02,50,10,100.0,0.0872905200452703,-0.00642956090971304,87.2905200452703,6.42956090971304,87.52699094145443,-4.212629897563151,(0.0872905200452703-0.00642956090971304j)
2167,02_4,02,50,9,40.0,0.0914476706163286,-0.00625893070595118,91.4476706163286,6.25893070595118,91.66160960148162,-3.915374995752181,(0.0914476706163286-0.00625893070595118j)
1927,02_4,02,50,8,20.0,0.0945557795287694,-0.0055933472465138,94.55577952876939,5.5933472465138,94.72106933366688,-3.3853263536542832,(0.0945557795287694-0.0055933472465138j)
1687,02_4,02,50,7,10.0,0.0969088913464709,-0.00424676432517032,96.90889134647091,4.24676432517032,97.00189807027306,-2.50922377598416,(0.0969088913464709-0.00424676432517032j)
1447,02_4,02,50,6,4.0,0.0991059825973609,-0.00285640590205091,99.1059825973609,2.85640590205091,99.14713733268185,-1.6509064742937394,(0.0991059825973609-0.00285640590205091j)
1207,02_4,02,50,5,2.0,0.0995964104996455,-0.00229975068835957,99.5964104996455,2.29975068835957,99.6229583863203,-1.322764513842323,(0.0995964104996455-0.00229975068835957j)
967,02_4,02,50,4,1.0,0.0999931838023928,-0.00183267524145727,99.9931838023928,1.83267524145727,100.0099770296932,-1.0499995836962,(0.0999931838023928-0.00183267524145727j)
727,02_4,02,50,3,0.4,0.101108465751825,-0.00185808732693678,101.108465751825,1.85808732693678,101.12553750266295,-1.0528156945577387,(0.101108465751825-0.00185808732693678j)
487,02_4,02,50,2,0.2,0.101665944211379,-0.00242446489004803,101.665944211379,2.42446489004803,101.69484865220217,-1.3660944475891503,(0.101665944211379-0.00242446489004803j)
247,02_4,02,50,1,0.1,0.102448766278342,-0.00335486395346618,102.44876627834199,3.35486395346618,102.50368200265106,-1.8755802308113472,(0.102448766278342-0.00335486395346618j)
7,02_4,02,50,0,0.05,0.103767795180863,-0.00425587929009556,103.767795180863,4.25587929009556,103.85503273905121,-2.348583537356203,(0.103767795180863-0.00425587929009556j)
3124,02_4,02,80,13,1000.0,0.0788288902800027,-0.00344201654835451,78.8288902800027,3.44201654835451,78.90400129711959,-2.5001979549296025,(0.0788288902800027-0.00344201654835451j)
2884,02_4,02,80,12,400.0,0.0816091499398173,-0.00505629042382859,81.6091499398173,5.05629042382859,81.76563720016914,-3.545365383912481,(0.0816091499398173-0.00505629042382859j)
2644,02_4,02,80,11,200.0,0.0841116219485909,-0.00592196694141781,84.1116219485909,5.92196694141781,84.31983538455187,-4.027323712794765,(0.0841116219485909-0.00592196694141781j)
2404,02_4,02,80,10,100.0,0.0871285471243701,-0.00665746861978413,87.1285471243701,6.65746861978413,87.38252463980994,-4.36946452054092,(0.0871285471243701-0.00665746861978413j)
2164,02_4,02,80,9,40.0,0.0917081498794711,-0.00671911498795007,91.7081498794711,6.71911498795007,91.95396272340213,-4.190361447301089,(0.0917081498794711-0.00671911498795007j)
1924,02_4,02,80,8,20.0,0.0946893139743522,-0.00598628028186965,94.68931397435219,5.98628028186965,94.878352286212,-3.617438140049714,(0.0946893139743522-0.00598628028186965j)
1684,02_4,02,80,7,10.0,0.097424068514277,-0.00475332141327115,97.424068514277,4.75332141327115,97.53995689117563,-2.793246731825093,(0.097424068514277-0.00475332141327115j)
1444,02_4,02,80,6,4.0,0.099886816772209,-0.00335169715857491,99.88681677220899,3.35169715857491,99.94303396799424,-1.9218359552091933,(0.099886816772209-0.00335169715857491j)
1204,02_4,02,80,5,2.0,0.100603226249877,-0.00288440338374545,100.603226249877,2.8844033837454504,100.6445672391913,-1.6422821086594752,(0.100603226249877-0.00288440338374545j)
964,02_4,02,80,4,1.0,0.101210719021075,-0.0025091402218519,101.210719021075,2.5091402218519003,101.24181660468123,-1.4201430895661042,(0.101210719021075-0.0025091402218519j)
724,02_4,02,80,3,0.4,0.102851631906743,-0.00279886952108034,102.851631906743,2.79886952108034,102.8897072426401,-1.5587875555150763,(0.102851631906743-0.00279886952108034j)
484,02_4,02,80,2,0.2,0.103722198472244,-0.00351958484799974,103.72219847224399,3.51958484799974,103.78189598103248,-1.9434606610191958,(0.103722198472244-0.00351958484799974j)
244,02_4,02,80,1,0.1,0.105013171588001,-0.00491617497934145,105.013171588001,4.9161749793414495,105.1281835827027,-2.680335876478733,(0.105013171588001-0.00491617497934145j)
4,02_4,02,80,0,0.05,0.107165211026746,-0.0063320957096541,107.16521102674601,6.3320957096541,107.35212103392846,-3.3815173879870377,(0.107165211026746-0.0063320957096541j)
